INPUT:id	INPUT:url	INPUT:name	INPUT:text	INPUT:title	INPUT:no_per	INPUT:input_data	INPUT:assignment_id	GOLDEN:path	GOLDEN:no_per	GOLDEN:result	HINT:text	TASK:id	TASK:overlap	TASK:assignments_count	TASK:correct_answers_percent
6	https://ru.wikisource.org/wiki/Война_и_мир_(Толстой)/Том_I/Часть_I/Глава_I	Анна Павловна Шерер	"- Барон Функе рекомендован императрице-матери ее сестрою, - только сказала она грустным, сухим тоном. В то время, как Анна Павловна назвала императрицу, лицо ее вдруг представило глубокое и искреннее выражение преданности и уважения, соединенное с грустью, что с ней бывало каждый раз, когда она в разговоре упоминала о своей высокой покровительнице. Она сказала, что ее величество изволила оказать барону Функе много уважения, и опять взгляд ее подернулся грустью.

Князь равнодушно замолк. Анна Павловна, с свойственною ей придворною и женскою ловкостью и быстротою такта, захотела и щелконуть князя за то, что он дерзнул так отозваться о лице, рекомендованном императрице, и в то же время утешить его.

- Кстати о вашей семье, - сказала она, - знаете ли, что ваша дочь с тех пор, как выезжает, составляет восторг всего общества. Ее находят прекрасною, как день.

Князь наклонился в знак уважения и признательности.

- Я часто думаю, - продолжала Анна Павловна после минутного молчания, подвигаясь к князю и ласково улыбаясь ему, как будто выказывая этим, что политические и светские разговоры кончены и теперь начинается задушевный, - я часто думаю, как иногда несправедливо распределяется счастие жизни. За что вам судьба дала таких двух славных детей (исключая Анатоля, вашего меньшого, я его не люблю, - вставила она безапелляционно, приподняв брови) - таких прелестных детей? А вы, право, менее всех цените их и потому их не стоите.

И она улыбнулась своею восторженною улыбкой.

- Чего вы хотите? Лафатер сказал бы, что у меня нет шишки родительской любви, - сказал князь."	Война и мир		"{""label"":""per""\,""offset"":118\,""length"":13\,""segment"":""Анна Павловна""},{""label"":""pro""\,""offset"":263\,""length"":3\,""segment"":""ней""},{""label"":""pro""\,""offset"":292\,""length"":3\,""segment"":""она""},{""label"":""pro""\,""offset"":351\,""length"":3\,""segment"":""Она""},{""label"":""per""\,""offset"":492\,""length"":13\,""segment"":""Анна Павловна""},{""label"":""pro""\,""offset"":740\,""length"":3\,""segment"":""она""},{""label"":""per""\,""offset"":949\,""length"":13\,""segment"":""Анна Павловна""},{""label"":""pro""\,""offset"":1319\,""length"":3\,""segment"":""она""},{""label"":""pro""\,""offset"":1443\,""length"":3\,""segment"":""она""}"	0002427d51--63faefcef22f3c4b98ac38c4	no		"{""label"":""per""\,""offset"":118\,""length"":13\,""segment"":""Анна Павловна""},{""label"":""pro""\,""offset"":263\,""length"":3\,""segment"":""ней""},{""label"":""pro""\,""offset"":292\,""length"":3\,""segment"":""она""},{""label"":""pro""\,""offset"":351\,""length"":3\,""segment"":""Она""},{""label"":""per""\,""offset"":492\,""length"":13\,""segment"":""Анна Павловна""},{""label"":""pro""\,""offset"":740\,""length"":3\,""segment"":""она""},{""label"":""per""\,""offset"":949\,""length"":13\,""segment"":""Анна Павловна""},{""label"":""pro""\,""offset"":1319\,""length"":3\,""segment"":""она""},{""label"":""pro""\,""offset"":1443\,""length"":3\,""segment"":""она""}"	"Пропущены местоимения ""она"", ""ее"", ""своей"", ""ее"", ""ей"", ""Я"", ""я"", еще раз ""я""."	000242eddf--63fcee7bc8b5605328c5ed1b	infinite	0	
7	https://ru.wikisource.org/wiki/Война_и_мир_(Толстой)/Том_I/Часть_I/Глава_I	Князь Василий Курагин	"- Перестаньте шутить. Я хотела серьезно поговорить с вами. Знаете, я недовольна вашим меньшим сыном. Между нами будь сказано (лицо ее приняло грустное выражение), о нем говорили у ее величества и жалеют вас...

Князь не отвечал, но она молча, значительно глядя на него, ждала ответа. Князь Василий поморщился.

- Что вы хотите, чтоб я делал! - сказал он наконец. - Вы знаете, я сделал для их воспитания все, что может отец, и оба вышли дураки. Ипполит, по крайней мере, покойный дурак, а Анатоль - беспокойный. Вот одно различие, - сказал он, улыбаясь более неестественно и одушевленно, чем обыкновенно, и при этом особенно резко выказывая в сложившихся около его рта морщинах что-то неожиданно-грубое и неприятное.

- И зачем родятся дети у таких людей, как вы? Ежели бы вы не были отец, я бы ни в чем не могла упрекнуть вас, - сказала Анна Павловна, задумчиво поднимая глаза.

- Я ваш верный раб, вам одним могу признаться. Мои дети - обуза моего существования. - Он помолчал, выражая жестом свою покорность жестокой судьбе.

Анна Павловна задумалась."	Война и мир		"{""label"":""per_oblique""\,""offset"":211\,""length"":5\,""segment"":""Князь""},{""label"":""pro""\,""offset"":264\,""length"":4\,""segment"":""него""},{""label"":""per""\,""offset"":284\,""length"":13\,""segment"":""Князь Василий""},{""label"":""pro""\,""offset"":333\,""length"":1\,""segment"":""я""},{""label"":""pro""\,""offset"":351\,""length"":2\,""segment"":""он""},{""label"":""pro""\,""offset"":376\,""length"":1\,""segment"":""я""},{""label"":""per_oblique""\,""offset"":418\,""length"":4\,""segment"":""отец""},{""label"":""pro""\,""offset"":539\,""length"":2\,""segment"":""он""},{""label"":""pro""\,""offset"":660\,""length"":3\,""segment"":""его""},{""label"":""pro""\,""offset"":759\,""length"":2\,""segment"":""вы""},{""label"":""pro""\,""offset"":772\,""length"":2\,""segment"":""вы""},{""label"":""per_oblique""\,""offset"":783\,""length"":4\,""segment"":""отец""},{""label"":""pro""\,""offset"":822\,""length"":3\,""segment"":""вас""},{""label"":""pro""\,""offset"":881\,""length"":1\,""segment"":""Я""},{""label"":""pro""\,""offset"":926\,""length"":3\,""segment"":""Мои""},{""label"":""pro""\,""offset"":943\,""length"":5\,""segment"":""моего""},{""label"":""pro""\,""offset"":966\,""length"":2\,""segment"":""Он""},{""label"":""pro""\,""offset"":994\,""length"":4\,""segment"":""свою""}"	0002427d51--63fa9c165628fb3522315603	no		"{""label"":""per_oblique""\,""offset"":211\,""length"":5\,""segment"":""Князь""},{""label"":""pro""\,""offset"":264\,""length"":4\,""segment"":""него""},{""label"":""per""\,""offset"":284\,""length"":13\,""segment"":""Князь Василий""},{""label"":""pro""\,""offset"":333\,""length"":1\,""segment"":""я""},{""label"":""pro""\,""offset"":351\,""length"":2\,""segment"":""он""},{""label"":""pro""\,""offset"":376\,""length"":1\,""segment"":""я""},{""label"":""per_oblique""\,""offset"":418\,""length"":4\,""segment"":""отец""},{""label"":""pro""\,""offset"":539\,""length"":2\,""segment"":""он""},{""label"":""pro""\,""offset"":660\,""length"":3\,""segment"":""его""},{""label"":""pro""\,""offset"":759\,""length"":2\,""segment"":""вы""},{""label"":""pro""\,""offset"":772\,""length"":2\,""segment"":""вы""},{""label"":""per_oblique""\,""offset"":783\,""length"":4\,""segment"":""отец""},{""label"":""pro""\,""offset"":822\,""length"":3\,""segment"":""вас""},{""label"":""pro""\,""offset"":881\,""length"":1\,""segment"":""Я""},{""label"":""pro""\,""offset"":926\,""length"":3\,""segment"":""Мои""},{""label"":""pro""\,""offset"":943\,""length"":5\,""segment"":""моего""},{""label"":""pro""\,""offset"":966\,""length"":2\,""segment"":""Он""},{""label"":""pro""\,""offset"":994\,""length"":4\,""segment"":""свою""}"	"Пропущены местоимения ""вашим"", ""вас"". Слово ""отец"" выделять не нужно – это не упоминание, а свойство."	000242eddf--63fcee7bc8b5605328c5ed1c	infinite	0	
3	https://ilibrary.ru/text/69/p.1/index.html	Родион Раскольников	«На какое дело хочу покуситься и в то же время каких пустяков боюсь! — подумал он с странною улыбкой. — Гм... да... всё в руках человека, и всё-то он мимо носу проносит, единственно от одной трусости... это уж аксиома... Любопытно, чего люди больше всего боятся? Нового шага, нового собственного слова они всего больше боятся... А впрочем, я слишком много болтаю. Оттого и ничего не делаю, что болтаю. Пожалуй, впрочем, и так: оттого болтаю, что ничего не делаю. Это я в этот последний месяц выучился болтать, лежа по целым суткам в углу и думая... о царе Горохе. Ну зачем я теперь иду? Разве я способен на это? Разве это серьезно? Совсем не серьезно. Так, ради фантазии сам себя тешу; игрушки! Да, пожалуй что и игрушки!»	Преступление и наказание		"{""label"":""pro""\,""offset"":79\,""length"":2\,""segment"":""он""},{""label"":""pro""\,""offset"":340\,""length"":1\,""segment"":""я""},{""label"":""pro""\,""offset"":467\,""length"":1\,""segment"":""я""},{""label"":""pro""\,""offset"":573\,""length"":1\,""segment"":""я""},{""label"":""pro""\,""offset"":593\,""length"":1\,""segment"":""я""}"	0002427d51--63fa8417870fa13968a3e68d	yes		"{""label"":""pro""\,""offset"":79\,""length"":2\,""segment"":""он""},{""label"":""pro""\,""offset"":340\,""length"":1\,""segment"":""я""},{""label"":""pro""\,""offset"":467\,""length"":1\,""segment"":""я""},{""label"":""pro""\,""offset"":573\,""length"":1\,""segment"":""я""},{""label"":""pro""\,""offset"":593\,""length"":1\,""segment"":""я""}"	Выделение верное.	000242eddf--63fcee7bc8b5605328c5ed1d	infinite	0	
3	https://ilibrary.ru/text/96/p.1/index.html	Петр Кирсанов, отец Николая Петровича Кирсанова	В качестве генеральского сына Николай Петрович — хотя не только не отличался храбростью, но даже заслужил прозвище трусишки — должен был, подобно брату Павлу, поступить в военную службу; но он переломил себе ногу в самый тот день, когда уже прибыло известие об его определении, и, пролежав два месяца в постели, на всю жизнь остался «хроменьким». Отец махнул на него рукой и пустил его по штатской. Он повез его в Петербург, как только ему минул восемнадцатый год, и поместил его в университет. Кстати, брат его о ту пору вышел офицером в гвардейский полк. Молодые люди стали жить вдвоем, на одной квартире, под отдаленным надзором двоюродного дяди с материнской стороны, Ильи Колязина, важного чиновника. Отец их вернулся к своей дивизии и к своей супруге и лишь изредка присылал сыновьям большие четвертушки серой бумаги, испещренные размашистым писарским почерком. На конце этих четвертушек красовались старательно окруженные «выкрутасами» слова: «Пиотр Кирсаноф, генерал-майор». В 1835 году Николай Петрович вышел из университета кандидатом, и в том же году генерал Кирсанов, уволенный в отставку за неудачный смотр, приехал в Петербург с женою на житье. Он нанял было дом у Таврического сада и записался в английский клуб, но внезапно умер от удара. Агафоклея Кузьминишна скоро за ним последовала: она не могла привыкнуть к глухой столичной жизни; тоска отставного существованья ее загрызла.	Отца и дети		"{""label"":""per_oblique""\,""offset"":347\,""length"":4\,""segment"":""Отец""},{""label"":""pro""\,""offset"":399\,""length"":2\,""segment"":""Он""},{""label"":""per_oblique""\,""offset"":706\,""length"":4\,""segment"":""Отец""},{""label"":""per""\,""offset"":951\,""length"":14\,""segment"":""Пиотр Кирсаноф""},{""label"":""per_oblique""\,""offset"":967\,""length"":13\,""segment"":""генерал-майор""},{""label"":""per""\,""offset"":1062\,""length"":16\,""segment"":""генерал Кирсанов""},{""label"":""pro""\,""offset"":1159\,""length"":2\,""segment"":""Он""},{""label"":""pro""\,""offset"":1286\,""length"":3\,""segment"":""ним""}"	0002427d51--63fa113fe0f7f666b715f3c1	no		"{""label"":""per_oblique""\,""offset"":347\,""length"":4\,""segment"":""Отец""},{""label"":""pro""\,""offset"":399\,""length"":2\,""segment"":""Он""},{""label"":""per_oblique""\,""offset"":706\,""length"":4\,""segment"":""Отец""},{""label"":""per""\,""offset"":951\,""length"":14\,""segment"":""Пиотр Кирсаноф""},{""label"":""per_oblique""\,""offset"":967\,""length"":13\,""segment"":""генерал-майор""},{""label"":""per""\,""offset"":1062\,""length"":16\,""segment"":""генерал Кирсанов""},{""label"":""pro""\,""offset"":1159\,""length"":2\,""segment"":""Он""},{""label"":""pro""\,""offset"":1286\,""length"":3\,""segment"":""ним""}"	"Есть ошибки:
- вместо ""Отец"" правильнее выделить ""Отец их"", т.к. это максимальный отрезок
- в двух местах пропущено местоимение ""своей""."	000242eddf--63fcee7bc8b5605328c5ed1e	infinite	0	
5	https://ilibrary.ru/text/96/p.1/index.html	Мария Кирсанова, жена Николая Петровича Кирсанова	"Слуга, из чувства приличия, а может быть, и не желая остаться под барским глазом, зашел под ворота и закурил трубку. Николай Петрович поник головой и начал глядеть на ветхие ступеньки крылечка: крупный пестрый цыпленок степенно расхаживал по ним, крепко стуча своими большими желтыми ногами; запачканная кошка недружелюбно посматривала на него, жеманно прикорнув на перила. Солнце пекло; из полутемных сеней постоялого дворика несло запахом теплого ржаного хлеба. Замечтался наш Николай Петрович. «Сын... кандидат... Аркаша...» — беспрестанно вертелось у него в голове; он пытался думать о чем-нибудь другом, и опять возвращались те же мысли. Вспомнилась ему покойница-жена... «Не дождалась!» — шепнул он уныло... Толстый сизый голубь прилетел на дорогу и поспешно отправился пить в лужицу возле колодца. Николай Петрович стал глядеть на него, а ухо его уже ловило стук приближающихся колес...

— Никак они едут-с, — доложил слуга, вынырнув из-под ворот.

Николай Петрович вскочил и устремил глаза вдоль дороги. Показался тарантас, запряженный тройкой ямских лошадей; в тарантасе мелькнул околыш студентской фуражки, знакомый очерк дорогого лица...

— Аркаша! Аркаша! — закричал Кирсанов, и побежал, и замахал руками... Несколько мгновений спустя его губы уже прильнули к безбородой, запыленной и загорелой щеке молодого кандидата."	Отца и дети		"{""label"":""per_oblique""\,""offset"":659\,""length"":14\,""segment"":""покойница-жена""}"	0002427d51--63fa0f80237ce11eb6269ba5	yes		"{""label"":""per_oblique""\,""offset"":659\,""length"":14\,""segment"":""покойница-жена""}"	Выделение верное.	000242eddf--63fcee7bc8b5605328c5ed1f	infinite	0	
6	https://ilibrary.ru/text/96/p.2/index.html	Аркадий Кирсанов, сын Николая Петровича Кирсанова	"Глава 2

— Дай же отряхнуться, папаша, — говорил несколько сиплым от дороги, но звонким юношеским голосом Аркадий, весело отвечая на отцовские ласки, — я тебя всего запачкаю.

— Ничего, ничего, — твердил, умиленно улыбаясь, Николай Петрович и раза два ударил рукою по воротнику сыновней шинели и по собственному пальто. — Покажи-ка себя, покажи-ка, — прибавил он, отодвигаясь, и тотчас же пошел торопливыми шагами к постоялому двору, приговаривая: «Вот сюда, сюда, да лошадей поскорее».

Николай Петрович казался гораздо встревоженнее своего сына; он словно потерялся немного, словно робел. Аркадий остановил его.

— Папаша, — сказал он, — позволь познакомить тебя с моим добрым приятелем, Базаровым, о котором я тебе так часто писал. Он так любезен, что согласился погостить у нас.

Николай Петрович быстро обернулся и, подойдя к человеку высокого роста в длинном балахоне с кистями, только что вылезшему из тарантаса, крепко стиснул его обнаженную красную руку, которую тот не сразу ему подал.

— Душевно рад, — начал он, — и благодарен за доброе намерение посетить нас; надеюсь... позвольте узнать ваше имя и отчество?

— Евгений Васильев, — отвечал Базаров ленивым, но мужественным голосом и, отвернув воротник балахона, показал Николаю Петровичу все свое лицо. Длинное и худое, с широким лбом, кверху плоским, книзу заостренным носом, большими зеленоватыми глазами и висячими бакенбардами песочного цвету, оно оживлялось спокойной улыбкой и выражало самоуверенность и ум."	Отца и дети		"{""label"":""per""\,""offset"":106\,""length"":7\,""segment"":""Аркадий""},{""label"":""pro""\,""offset"":152\,""length"":1\,""segment"":""я""},{""label"":""per_oblique""\,""offset"":278\,""length"":8\,""segment"":""сыновней""},{""label"":""pro""\,""offset"":332\,""length"":4\,""segment"":""себя""},{""label"":""per_oblique""\,""offset"":542\,""length"":4\,""segment"":""сына""},{""label"":""per""\,""offset"":591\,""length"":7\,""segment"":""Аркадий""},{""label"":""pro""\,""offset"":667\,""length"":4\,""segment"":""моим""}"	0002427d51--63fa9f55870fa13968a56775	no		"{""label"":""per""\,""offset"":106\,""length"":7\,""segment"":""Аркадий""},{""label"":""pro""\,""offset"":152\,""length"":1\,""segment"":""я""},{""label"":""per_oblique""\,""offset"":278\,""length"":8\,""segment"":""сыновней""},{""label"":""pro""\,""offset"":332\,""length"":4\,""segment"":""себя""},{""label"":""per_oblique""\,""offset"":542\,""length"":4\,""segment"":""сына""},{""label"":""per""\,""offset"":591\,""length"":7\,""segment"":""Аркадий""},{""label"":""pro""\,""offset"":667\,""length"":4\,""segment"":""моим""}"	"Есть ошибки:
- вместо ""сына"" более правильно выделить ""своего сына"" (это максимальный отрезок)
- пропущены местоимения ""он"", ""я""."	000242eddf--63fcee7bc8b5605328c5ed20	infinite	0	
12	https://ilibrary.ru/text/12/p.6/index.html	Григорий Печорин	"Легче птички она к нему подскочила, нагнулась, подняла стакан и подала ему с телодвижением, исполненным невыразимой прелести; потом ужасно покраснела, оглянулась на галерею и, убедившись, что ее маменька ничего не видала, кажется, тотчас же успокоилась. Когда Грушницкий открыл рот, чтоб поблагодарить ее, она была уже далеко. Через минуту она вышла из галереи с матерью и франтом, но, проходя мимо Грушницкого, приняла вид такой чинный и важный — даже не обернулась, даже не заметила его страстного взгляда, которым он долго ее провожал, пока, спустившись с горы, она не скрылась за липками бульвара... Но вот ее шляпка мелькнула через улицу; она вбежала в ворота одного из лучших домов Пятигорска, за нею прошла княгиня и у ворот раскланялась с Раевичем.

Только тогда бедный юнкер заметил мое присутствие.

— Ты видел? — сказал он, крепко пожимая мне руку, — это просто ангел!

— Отчего? — спросил я с видом чистейшего простодушия.

— Разве ты не видал?

— Нет, видел: она подняла твой стакан. Если бы был тут сторож, то он сделал бы то же самое, и еще поспешнее, надеясь получить на водку. Впрочем, очень понятно, что ей стало тебя жалко: ты сделал такую ужасную гримасу, когда ступил на простреленную ногу..."	Герой нашего времени		"{""label"":""pro""\,""offset"":792\,""length"":3\,""segment"":""мое""},{""label"":""pro""\,""offset"":812\,""length"":2\,""segment"":""Ты""},{""label"":""pro""\,""offset"":901\,""length"":1\,""segment"":""я""},{""label"":""pro""\,""offset"":944\,""length"":2\,""segment"":""ты""}"	0002427d51--63fadb2b8b2e143ff7f6213e	no		"{""label"":""pro""\,""offset"":792\,""length"":3\,""segment"":""мое""},{""label"":""pro""\,""offset"":812\,""length"":2\,""segment"":""Ты""},{""label"":""pro""\,""offset"":901\,""length"":1\,""segment"":""я""},{""label"":""pro""\,""offset"":944\,""length"":2\,""segment"":""ты""}"	"Пропущено местоимение ""мне"" (""крепко пожимая мне руку"")."	000242eddf--63fcee7bc8b5605328c5ed21	infinite	0	
4	https://ilibrary.ru/text/12/p.6/index.html	Григорий Печорин	"Наконец вот и колодец... На площадке близ него построен домик с красной кровлею над ванной, а подальше галерея, где гуляют во время дождя. Несколько раненых офицеров сидели на лавке, подобрав костыли, — бледные, грустные. Несколько дам скорыми шагами ходили взад и вперед по площадке, ожидая действия вод. Между ними были два-три хорошеньких личика. Под виноградными аллеями, покрывающими скат Машука, мелькали порою пестрые шляпки любительниц уединения вдвоем, потому что всегда возле такой шляпки я замечал или военную фуражку или безобразную круглую шляпу. На крутой скале, где построен павильон, называемый Эоловой Арфой, торчали любители видов и наводили телескоп на Эльборус; между ними было два гувернера с своими воспитанниками, приехавшими лечиться от золотухи.

Я остановился, запыхавшись, на краю горы и, прислонясь к углу домика, стал рассматривать окрестность, как вдруг слышу за собой знакомый голос:

— Печорин! давно ли здесь?"	Герой нашего времени		"{""label"":""pro""\,""offset"":499\,""length"":1\,""segment"":""я""},{""label"":""pro""\,""offset"":772\,""length"":1\,""segment"":""Я""},{""label"":""per""\,""offset"":918\,""length"":7\,""segment"":""Печорин""}"	0002427d51--63fa6de2df663939f543eda7	yes		"{""label"":""pro""\,""offset"":499\,""length"":1\,""segment"":""я""},{""label"":""pro""\,""offset"":772\,""length"":1\,""segment"":""Я""},{""label"":""per""\,""offset"":918\,""length"":7\,""segment"":""Печорин""}"	Выделение верное.	000242eddf--63fcee7bc8b5605328c5ed22	infinite	0	
5	https://ilibrary.ru/text/1099/p.2/index.html	Дарья Александровна (Долли) Облонская, жена Степана Аркадьевича	"Глава 2

Степан Аркадьич был человек правдивый в отношении к себе самому. Он не мог обманывать себя и уверять себя, что он раскаивается в своем поступке. Он не мог раскаиваться теперь в том, в чем он раскаивался когда-то лет шесть тому назад, когда он сделал первую неверность жене. Он не мог раскаиваться в том, что он, тридцатичетырехлетний, красивый, влюбчивый человек, не был влюблен в жену, мать пяти живых и двух умерших детей, бывшую только годом моложе его. Он раскаивался только в том, что не умел лучше скрыть от жены. Но он чувствовал всю тяжесть своего положения и жалел жену, детей и себя. Может быть, он сумел бы лучше скрыть свои грехи от жены, если б ожидал, что это известие так на нее подействует. Ясно он никогда не обдумывал этого вопроса, но смутно ему представлялось, что жена давно догадывается, что он не верен ей, и смотрит на это сквозь пальцы. Ему даже казалось, что она, истощенная, состарившаяся, уже некрасивая женщина и ничем не замечательная, простая, только добрая мать семейства, по чувству справедливости должна быть снисходительна. Оказалось совсем противное."	Анна Каренина		"{""label"":""per_oblique""\,""offset"":277\,""length"":4\,""segment"":""жене""},{""label"":""per_oblique""\,""offset"":390\,""length"":4\,""segment"":""жену""},{""label"":""per_oblique""\,""offset"":396\,""length"":36\,""segment"":""мать пяти живых и двух умерших детей""},{""label"":""per_oblique""\,""offset"":523\,""length"":4\,""segment"":""жены""},{""label"":""per_oblique""\,""offset"":583\,""length"":4\,""segment"":""жену""},{""label"":""per_oblique""\,""offset"":654\,""length"":4\,""segment"":""жены""},{""label"":""pro""\,""offset"":699\,""length"":3\,""segment"":""нее""},{""label"":""per_oblique""\,""offset"":794\,""length"":4\,""segment"":""жена""},{""label"":""pro""\,""offset"":835\,""length"":2\,""segment"":""ей""},{""label"":""pro""\,""offset"":894\,""length"":3\,""segment"":""она""},{""label"":""per_oblique""\,""offset"":899\,""length"":49\,""segment"":""истощенная\, состарившаяся\, уже некрасивая женщина""},{""label"":""per_oblique""\,""offset"":951\,""length"":61\,""segment"":""ничем не замечательная\, простая\, только добрая мать семейства""}"	0002427d51--63fa711f7cf67476617fca7f	yes		"{""label"":""per_oblique""\,""offset"":277\,""length"":4\,""segment"":""жене""},{""label"":""per_oblique""\,""offset"":390\,""length"":4\,""segment"":""жену""},{""label"":""per_oblique""\,""offset"":396\,""length"":36\,""segment"":""мать пяти живых и двух умерших детей""},{""label"":""per_oblique""\,""offset"":523\,""length"":4\,""segment"":""жены""},{""label"":""per_oblique""\,""offset"":583\,""length"":4\,""segment"":""жену""},{""label"":""per_oblique""\,""offset"":654\,""length"":4\,""segment"":""жены""},{""label"":""pro""\,""offset"":699\,""length"":3\,""segment"":""нее""},{""label"":""per_oblique""\,""offset"":794\,""length"":4\,""segment"":""жена""},{""label"":""pro""\,""offset"":835\,""length"":2\,""segment"":""ей""},{""label"":""pro""\,""offset"":894\,""length"":3\,""segment"":""она""},{""label"":""per_oblique""\,""offset"":899\,""length"":49\,""segment"":""истощенная\, состарившаяся\, уже некрасивая женщина""},{""label"":""per_oblique""\,""offset"":951\,""length"":61\,""segment"":""ничем не замечательная\, простая\, только добрая мать семейства""}"	"Выделение верное. Более правильным с точки зрения инструкции был бы вариант, когда выделен весь отрезок ""мать пяти живых и двух умерших детей, бывшую только годом моложе его""."	000242eddf--63fcee7bc8b5605328c5ed23	infinite	0	
8	https://ilibrary.ru/text/1099/p.2/index.html	Матвей, камердинер Степана Аркадьевича Облонского	"— Матвей, сестра Анна Аркадьевна будет завтра, — сказал он, остановив на минуту глянцевитую, пухлую ручку цирюльника, расчищавшую розовую дорогу между длинными кудрявыми бакенбардами.

— Слава Богу, — сказал Матвей, этим ответом показывая, что он понимает так же, как и барин, значение этого приезда, то есть что Анна Аркадьевна, любимая сестра Степана Аркадьича, может содействовать примирению мужа с женой.

— Одни или с супругом? — спросил Матвей.

Степан Аркадьич не мог говорить, так как цирюльник занят был верхней губой, и поднял один палец. Матвей в зеркало кивнул головой.

— Одни. Наверху приготовить?

— Дарье Александровне доложи, где прикажут.

— Дарье Александровне? — как бы с сомнением повторил Матвей.

— Да, доложи. И вот возьми телеграмму, передай, что они скажут.

«Попробовать хотите», — понял Матвей, но он сказал только:

— Слушаю-с.

Степан Аркадьич уже был умыт и расчесан и сбирался одеваться, когда Матвей, медленно ступая поскрипывающими сапогами по мягкому ковру, с телеграммой в руке, вернулся в комнату. Цирюльника уже не было.

— Дарья Александровна приказали доложить, что они уезжают. Пускай делают, как им, вам то есть, угодно, — сказал он, смеясь только глазами, и, положив руки в карманы и склонив голову набок, уставился на барина.

Степан Аркадьич помолчал. Потом добрая и несколько жалкая улыбка показалась на его красивом лице.

— А? Матвей? — сказал он, покачивая головой."	Анна Каренина		"{""label"":""per""\,""offset"":2\,""length"":6\,""segment"":""Матвей""},{""label"":""per""\,""offset"":208\,""length"":6\,""segment"":""Матвей""},{""label"":""pro""\,""offset"":244\,""length"":2\,""segment"":""он""},{""label"":""per""\,""offset"":443\,""length"":6\,""segment"":""Матвей""},{""label"":""per""\,""offset"":549\,""length"":6\,""segment"":""Матвей""},{""label"":""per""\,""offset"":711\,""length"":6\,""segment"":""Матвей""},{""label"":""per""\,""offset"":815\,""length"":6\,""segment"":""Матвей""},{""label"":""pro""\,""offset"":826\,""length"":2\,""segment"":""он""},{""label"":""per""\,""offset"":926\,""length"":6\,""segment"":""Матвей""},{""label"":""pro""\,""offset"":1172\,""length"":2\,""segment"":""он""},{""label"":""per""\,""offset"":1375\,""length"":6\,""segment"":""Матвей""}"	0002427d51--63fa6e298b2e143ff7f14b4d	yes		"{""label"":""per""\,""offset"":2\,""length"":6\,""segment"":""Матвей""},{""label"":""per""\,""offset"":208\,""length"":6\,""segment"":""Матвей""},{""label"":""pro""\,""offset"":244\,""length"":2\,""segment"":""он""},{""label"":""per""\,""offset"":443\,""length"":6\,""segment"":""Матвей""},{""label"":""per""\,""offset"":549\,""length"":6\,""segment"":""Матвей""},{""label"":""per""\,""offset"":711\,""length"":6\,""segment"":""Матвей""},{""label"":""per""\,""offset"":815\,""length"":6\,""segment"":""Матвей""},{""label"":""pro""\,""offset"":826\,""length"":2\,""segment"":""он""},{""label"":""per""\,""offset"":926\,""length"":6\,""segment"":""Матвей""},{""label"":""pro""\,""offset"":1172\,""length"":2\,""segment"":""он""},{""label"":""per""\,""offset"":1375\,""length"":6\,""segment"":""Матвей""}"	Выделение верное.	000242eddf--63fcee7bc8b5605328c5ed24	infinite	0	
3	https://ilibrary.ru/text/1099/p.1/index.html	Дарья Александровна (Долли) Облонская, жена Степана Аркадьевича	"«Да! она не простит и не может простить. И всего ужаснее то, что виной всему я, виной я, а не виноват. В этом-то вся драма, — думал он. — Ах, ах, ах!» — приговаривал он с отчаянием, вспоминая самые тяжелые для себя впечатления из этой ссоры.

Неприятнее всего была та первая минута, когда он, вернувшись из театра, веселый и довольный, с огромною грушей для жены в руке, не нашел жены в гостиной; к удивлению, не нашел ее и в кабинете и, наконец, увидал ее в спальне с несчастною, открывшею все, запиской в руке.

Она, эта вечно озабоченная, и хлопотливая, и недалекая, какою он считал ее, Долли, неподвижно сидела с запиской в руке и с выражением ужаса, отчаяния и гнева смотрела на него.

— Что это? это? — спрашивала она, указывая на записку.

И при этом воспоминании, как это часто бывает, мучало Степана Аркадьича не столько самое событие, сколько то, как он ответил на эти слова жены."	Анна Каренина		"{""label"":""pro""\,""offset"":5\,""length"":3\,""segment"":""она""},{""label"":""per_oblique""\,""offset"":358\,""length"":4\,""segment"":""жены""},{""label"":""per_oblique""\,""offset"":380\,""length"":4\,""segment"":""жены""},{""label"":""pro""\,""offset"":419\,""length"":2\,""segment"":""ее""},{""label"":""pro""\,""offset"":454\,""length"":2\,""segment"":""ее""},{""label"":""pro""\,""offset"":514\,""length"":3\,""segment"":""Она""},{""label"":""pro""\,""offset"":586\,""length"":2\,""segment"":""ее""},{""label"":""per""\,""offset"":590\,""length"":5\,""segment"":""Долли""},{""label"":""pro""\,""offset"":720\,""length"":3\,""segment"":""она""},{""label"":""per_oblique""\,""offset"":885\,""length"":4\,""segment"":""жены""}"	0002427d51--63faa97c5628fb352231d145	yes		"{""label"":""pro""\,""offset"":5\,""length"":3\,""segment"":""она""},{""label"":""per_oblique""\,""offset"":358\,""length"":4\,""segment"":""жены""},{""label"":""per_oblique""\,""offset"":380\,""length"":4\,""segment"":""жены""},{""label"":""pro""\,""offset"":419\,""length"":2\,""segment"":""ее""},{""label"":""pro""\,""offset"":454\,""length"":2\,""segment"":""ее""},{""label"":""pro""\,""offset"":514\,""length"":3\,""segment"":""Она""},{""label"":""pro""\,""offset"":586\,""length"":2\,""segment"":""ее""},{""label"":""per""\,""offset"":590\,""length"":5\,""segment"":""Долли""},{""label"":""pro""\,""offset"":720\,""length"":3\,""segment"":""она""},{""label"":""per_oblique""\,""offset"":885\,""length"":4\,""segment"":""жены""}"	Выделение верное.	000242eddf--63fcee7bc8b5605328c5ed25	infinite	0	
5	https://ilibrary.ru/text/69/p.1/index.html	Родион Раскольников	Он был до того худо одет, что иной, даже и привычный человек, посовестился бы днем выходить в таких лохмотьях на улицу. Впрочем, квартал был таков, что костюмом здесь было трудно кого-нибудь удивить. Близость Сенной, обилие известных заведений и, по преимуществу, цеховое и ремесленное население, скученное в этих серединных петербургских улицах и переулках, пестрили иногда общую панораму такими субъектами, что странно было бы и удивляться при встрече с иною фигурой. Но столько злобного презрения уже накопилось в душе молодого человека, что, несмотря на всю свою, иногда очень молодую, щекотливость, он менее всего совестился своих лохмотьев на улице. Другое дело при встрече с иными знакомыми или с прежними товарищами, с которыми вообще он не любил встречаться... А между тем, когда один пьяный, которого неизвестно почему и куда провозили в это время по улице в огромной телеге, запряженной огромною ломовою лошадью, крикнул ему вдруг, проезжая: «Эй ты, немецкий шляпник!» — и заорал во всё горло, указывая на него рукой, — молодой человек вдруг остановился и судорожно схватился за свою шляпу. Шляпа эта была высокая, круглая, циммермановская, но вся уже изношенная, совсем рыжая, вся в дырах и пятнах, без полей и самым безобразнейшим углом заломившаяся на сторону. Но не стыд, а совсем другое чувство, похожее даже на испуг, охватило его.	Преступление и наказание		"{""label"":""pro""\,""offset"":0\,""length"":2\,""segment"":""Он""},{""label"":""per_oblique""\,""offset"":522\,""length"":17\,""segment"":""молодого человека""},{""label"":""pro""\,""offset"":604\,""length"":2\,""segment"":""он""},{""label"":""pro""\,""offset"":630\,""length"":5\,""segment"":""своих""},{""label"":""pro""\,""offset"":743\,""length"":2\,""segment"":""он""},{""label"":""pro""\,""offset"":932\,""length"":3\,""segment"":""ему""},{""label"":""per_oblique""\,""offset"":961\,""length"":16\,""segment"":""немецкий шляпник""},{""label"":""pro""\,""offset"":1017\,""length"":4\,""segment"":""него""},{""label"":""per_oblique""\,""offset"":1031\,""length"":15\,""segment"":""молодой человек""},{""label"":""pro""\,""offset"":1090\,""length"":4\,""segment"":""свою""},{""label"":""pro""\,""offset"":1344\,""length"":3\,""segment"":""его""}"	0002427d51--63fa10b0870fa13968983811	yes		"{""label"":""pro""\,""offset"":0\,""length"":2\,""segment"":""Он""},{""label"":""per_oblique""\,""offset"":522\,""length"":17\,""segment"":""молодого человека""},{""label"":""pro""\,""offset"":604\,""length"":2\,""segment"":""он""},{""label"":""pro""\,""offset"":630\,""length"":5\,""segment"":""своих""},{""label"":""pro""\,""offset"":743\,""length"":2\,""segment"":""он""},{""label"":""pro""\,""offset"":932\,""length"":3\,""segment"":""ему""},{""label"":""per_oblique""\,""offset"":961\,""length"":16\,""segment"":""немецкий шляпник""},{""label"":""pro""\,""offset"":1017\,""length"":4\,""segment"":""него""},{""label"":""per_oblique""\,""offset"":1031\,""length"":15\,""segment"":""молодой человек""},{""label"":""pro""\,""offset"":1090\,""length"":4\,""segment"":""свою""},{""label"":""pro""\,""offset"":1344\,""length"":3\,""segment"":""его""}"	Выделение верное.	000242eddf--63fcee7bc8b5605328c5ed26	infinite	0	
12	https://ilibrary.ru/text/12/p.6/index.html	Грушницкий	"Легче птички она к нему подскочила, нагнулась, подняла стакан и подала ему с телодвижением, исполненным невыразимой прелести; потом ужасно покраснела, оглянулась на галерею и, убедившись, что ее маменька ничего не видала, кажется, тотчас же успокоилась. Когда Грушницкий открыл рот, чтоб поблагодарить ее, она была уже далеко. Через минуту она вышла из галереи с матерью и франтом, но, проходя мимо Грушницкого, приняла вид такой чинный и важный — даже не обернулась, даже не заметила его страстного взгляда, которым он долго ее провожал, пока, спустившись с горы, она не скрылась за липками бульвара... Но вот ее шляпка мелькнула через улицу; она вбежала в ворота одного из лучших домов Пятигорска, за нею прошла княгиня и у ворот раскланялась с Раевичем.

Только тогда бедный юнкер заметил мое присутствие.

— Ты видел? — сказал он, крепко пожимая мне руку, — это просто ангел!

— Отчего? — спросил я с видом чистейшего простодушия.

— Разве ты не видал?

— Нет, видел: она подняла твой стакан. Если бы был тут сторож, то он сделал бы то же самое, и еще поспешнее, надеясь получить на водку. Впрочем, очень понятно, что ей стало тебя жалко: ты сделал такую ужасную гримасу, когда ступил на простреленную ногу..."	Герой нашего времени		"{""label"":""pro""\,""offset"":19\,""length"":4\,""segment"":""нему""},{""label"":""pro""\,""offset"":71\,""length"":3\,""segment"":""ему""},{""label"":""per""\,""offset"":260\,""length"":10\,""segment"":""Грушницкий""},{""label"":""per""\,""offset"":399\,""length"":11\,""segment"":""Грушницкого""},{""label"":""pro""\,""offset"":485\,""length"":3\,""segment"":""его""},{""label"":""pro""\,""offset"":517\,""length"":2\,""segment"":""он""},{""label"":""pro""\,""offset"":792\,""length"":3\,""segment"":""мое""},{""label"":""pro""\,""offset"":850\,""length"":3\,""segment"":""мне""},{""label"":""pro""\,""offset"":901\,""length"":1\,""segment"":""я""},{""label"":""pro""\,""offset"":944\,""length"":2\,""segment"":""ты""}"	0002427d51--63f9f983870fa1396894ff92	no		"{""label"":""pro""\,""offset"":19\,""length"":4\,""segment"":""нему""},{""label"":""pro""\,""offset"":71\,""length"":3\,""segment"":""ему""},{""label"":""per""\,""offset"":260\,""length"":10\,""segment"":""Грушницкий""},{""label"":""per""\,""offset"":399\,""length"":11\,""segment"":""Грушницкого""},{""label"":""pro""\,""offset"":485\,""length"":3\,""segment"":""его""},{""label"":""pro""\,""offset"":517\,""length"":2\,""segment"":""он""},{""label"":""pro""\,""offset"":792\,""length"":3\,""segment"":""мое""},{""label"":""pro""\,""offset"":850\,""length"":3\,""segment"":""мне""},{""label"":""pro""\,""offset"":901\,""length"":1\,""segment"":""я""},{""label"":""pro""\,""offset"":944\,""length"":2\,""segment"":""ты""}"	"Здесь пропущено косвенное упоминание ""бедный юнкер"", а местоимения ""мое"", ""мне"", ""я"", ""ты"" относятся не к Грушницкому, а к Печорину. Пропущены местоимения ""твой"", ""тебя"", ты""."	000242eddf--63fcee7bc8b5605328c5ed27	infinite	0	
7	https://ilibrary.ru/text/1099/p.2/index.html	Степан Аркадьевич Облонский	"«Там видно будет», — сказал себе Степан Аркадьич и, встав, надел серый халат на голубой шелковой подкладке, закинул кисти узлом и, вдоволь забрав воздуха в свой широкий грудной ящик, привычным бодрым шагом вывернутых ног, так легко носивших его полное тело, подошел к окну, поднял стору и громко позвонил. На звонок тотчас же вошел старый друг, камердинер Матвей, неся платье, сапоги и телеграмму. Вслед за Матвеем вошел и цирюльник с припасами для бритья.

— Из присутствия есть бумаги? — спросил Степан Аркадьич, взяв телеграмму и садясь к зеркалу.

— На столе, — отвечал Матвей, взглянул вопросительно, с участием, на барина и, подождав немного, прибавил с хитрою улыбкой: — От хозяина извозчика приходили.

Степан Аркадьич ничего не ответил и только в зеркало взглянул на Матвея; во взгляде, которым они встретились в зеркале, видно было, как они понимают друг друга. Взгляд Степана Аркадьича как будто спрашивал: «Это зачем ты говоришь? разве ты не знаешь?»

Матвей положил руки в карманы своей жакетки, отставил ногу и молча, добродушно, чуть-чуть улыбаясь, посмотрел на своего барина.

— Я приказал прийти в то воскресенье, а до тех пор чтоб не беспокоили вас и себя понапрасну, — сказал он, видимо, приготовленную фразу.

Степан Аркадьич понял, что Матвей хотел пошутить и обратить на себя внимание. Разорвав телеграмму, он прочел ее, догадкой поправляя перевранные, как всегда, слова, и лицо его просияло."	Анна Каренина		"{""label"":""pro""\,""offset"":28\,""length"":4\,""segment"":""себе""},{""label"":""per""\,""offset"":33\,""length"":15\,""segment"":""Степан Аркадьич""},{""label"":""pro""\,""offset"":241\,""length"":3\,""segment"":""его""},{""label"":""per""\,""offset"":498\,""length"":15\,""segment"":""Степан Аркадьич""},{""label"":""per_oblique""\,""offset"":621\,""length"":6\,""segment"":""барина""},{""label"":""per""\,""offset"":711\,""length"":15\,""segment"":""Степан Аркадьич""},{""label"":""pro""\,""offset"":804\,""length"":3\,""segment"":""они""},{""label"":""pro""\,""offset"":847\,""length"":3\,""segment"":""они""},{""label"":""per""\,""offset"":879\,""length"":17\,""segment"":""Степана Аркадьича""},{""label"":""per_oblique""\,""offset"":1084\,""length"":6\,""segment"":""барина""},{""label"":""pro""\,""offset"":1163\,""length"":3\,""segment"":""вас""},{""label"":""per""\,""offset"":1230\,""length"":15\,""segment"":""Степан Аркадьич""},{""label"":""pro""\,""offset"":1329\,""length"":2\,""segment"":""он""},{""label"":""pro""\,""offset"":1401\,""length"":3\,""segment"":""его""}"	0002427d51--63faf4ef2666752d792d32ba	no		"{""label"":""pro""\,""offset"":28\,""length"":4\,""segment"":""себе""},{""label"":""per""\,""offset"":33\,""length"":15\,""segment"":""Степан Аркадьич""},{""label"":""pro""\,""offset"":241\,""length"":3\,""segment"":""его""},{""label"":""per""\,""offset"":498\,""length"":15\,""segment"":""Степан Аркадьич""},{""label"":""per_oblique""\,""offset"":621\,""length"":6\,""segment"":""барина""},{""label"":""per""\,""offset"":711\,""length"":15\,""segment"":""Степан Аркадьич""},{""label"":""pro""\,""offset"":804\,""length"":3\,""segment"":""они""},{""label"":""pro""\,""offset"":847\,""length"":3\,""segment"":""они""},{""label"":""per""\,""offset"":879\,""length"":17\,""segment"":""Степана Аркадьича""},{""label"":""per_oblique""\,""offset"":1084\,""length"":6\,""segment"":""барина""},{""label"":""pro""\,""offset"":1163\,""length"":3\,""segment"":""вас""},{""label"":""per""\,""offset"":1230\,""length"":15\,""segment"":""Степан Аркадьич""},{""label"":""pro""\,""offset"":1329\,""length"":2\,""segment"":""он""},{""label"":""pro""\,""offset"":1401\,""length"":3\,""segment"":""его""}"	"Местоимение ""они"" выделять не надо, т.к. оно относится не только к Степану Аркадьичу, но и к Матвею."	000242eddf--63fcee7bc8b5605328c5ed28	infinite	0	
15	https://ilibrary.ru/text/69/p.1/index.html	Родион Раскольников	"В распивочной на ту пору оставалось мало народу. Кроме тех двух пьяных, что попались на лестнице, вслед за ними же вышла еще разом целая ватага, человек в пять, с одною девкой и с гармонией. После них стало тихо и просторно. Остались: один хмельной, но немного, сидевший за пивом, с виду мещанин; товарищ его, толстый, огромный, в сибирке и с седою бородой, очень захмелевший, задремавший на лавке и изредка, вдруг, как бы спросонья, начинавший прищелкивать пальцами, расставив руки врозь, и подпрыгивать верхнею частию корпуса, не вставая с лавки, причем подпевал какую-то ерунду, силясь припомнить стихи, вроде:

Целый год жену ласкал,

Цел-лый год же-ну лас-кал...

Или вдруг, проснувшись, опять:

По Подьяческой пошел,

Свою прежнюю нашел...

Но никто не разделял его счастия; молчаливый товарищ его смотрел на все эти взрывы даже враждебно и с недоверчивостью. Был тут и еще один человек, с виду похожий как бы на отставного чиновника. Он сидел особо, перед своею посудинкой, изредка отпивая и посматривая кругом. Он был тоже как будто в некотором волнении."	Преступление и наказание		"{""label"":""per_oblique""\,""offset"":885\,""length"":7\,""segment"":""человек""},{""label"":""pro""\,""offset"":941\,""length"":2\,""segment"":""Он""},{""label"":""pro""\,""offset"":1019\,""length"":2\,""segment"":""Он""}"	0002427d51--63faa0e73d101946d963d6ea	no		"{""label"":""per_oblique""\,""offset"":885\,""length"":7\,""segment"":""человек""},{""label"":""pro""\,""offset"":941\,""length"":2\,""segment"":""Он""},{""label"":""pro""\,""offset"":1019\,""length"":2\,""segment"":""Он""}"	Эти упоминания не относятся к Раскольникову, на самом деле это Мармеладов.	000242eddf--63fcee7bc8b5605328c5ed29	infinite	0	
5	https://ilibrary.ru/text/12/p.6/index.html	Грушницкий	Оборачиваюсь: Грушницкий! Мы обнялись. Я познакомился с ним в действующем отряде. Он был ранен пулей в ногу и поехал на воды с неделю прежде меня. Грушницкий — юнкер. Он только год в службе, носит, по особенному роду франтовства, толстую солдатскую шинель. У него георгиевский солдатский крестик. Он хорошо сложен, смугл и черноволос; ему на вид можно дать двадцать пять лет, хотя ему едва ли двадцать один год. Он закидывает голову назад, когда говорит, и поминутно крутит усы левой рукой, ибо правою опирается на костыль. Говорит он скоро и вычурно: он из тех людей, которые на все случаи жизни имеют готовые пышные фразы, которых просто прекрасное не трогает и которые важно драпируются в необыкновенные чувства, возвышенные страсти и исключительные страдания. Производить эффект — их наслаждение; они нравятся романтическим провинциалкам до безумия. Под старость они делаются либо мирными помещиками, либо пьяницами — иногда тем и другим. В их душе часто много добрых свойств, но ни на грош поэзии. Грушницкого страсть была декламировать: он закидывал вас словами, как скоро разговор выходил из круга обыкновенных понятий; спорить с ним я никогда не мог. Он не отвечает на ваши возражения, он вас не слушает. Только что вы остановитесь, он начинает длинную тираду, по-видимому имеющую какую-то связь с тем, что вы сказали, но которая в самом деле есть только продолжение его собственной речи.	Герой нашего времени		"{""label"":""per""\,""offset"":14\,""length"":10\,""segment"":""Грушницкий""},{""label"":""pro""\,""offset"":56\,""length"":3\,""segment"":""ним""},{""label"":""pro""\,""offset"":82\,""length"":2\,""segment"":""Он""},{""label"":""per""\,""offset"":147\,""length"":10\,""segment"":""Грушницкий""},{""label"":""pro""\,""offset"":167\,""length"":2\,""segment"":""Он""},{""label"":""pro""\,""offset"":259\,""length"":4\,""segment"":""него""},{""label"":""pro""\,""offset"":297\,""length"":2\,""segment"":""Он""},{""label"":""pro""\,""offset"":381\,""length"":3\,""segment"":""ему""},{""label"":""pro""\,""offset"":412\,""length"":2\,""segment"":""Он""},{""label"":""pro""\,""offset"":532\,""length"":2\,""segment"":""он""},{""label"":""pro""\,""offset"":552\,""length"":2\,""segment"":""он""},{""label"":""per""\,""offset"":1003\,""length"":11\,""segment"":""Грушницкого""},{""label"":""pro""\,""offset"":1043\,""length"":2\,""segment"":""он""},{""label"":""pro""\,""offset"":1137\,""length"":3\,""segment"":""ним""},{""label"":""pro""\,""offset"":1159\,""length"":2\,""segment"":""Он""},{""label"":""pro""\,""offset"":1194\,""length"":2\,""segment"":""он""},{""label"":""pro""\,""offset"":1241\,""length"":2\,""segment"":""он""},{""label"":""pro""\,""offset"":1375\,""length"":3\,""segment"":""его""}"	0002427d51--63fa9b6cb9d1e33413760d75	no		"{""label"":""per""\,""offset"":14\,""length"":10\,""segment"":""Грушницкий""},{""label"":""pro""\,""offset"":56\,""length"":3\,""segment"":""ним""},{""label"":""pro""\,""offset"":82\,""length"":2\,""segment"":""Он""},{""label"":""per""\,""offset"":147\,""length"":10\,""segment"":""Грушницкий""},{""label"":""pro""\,""offset"":167\,""length"":2\,""segment"":""Он""},{""label"":""pro""\,""offset"":259\,""length"":4\,""segment"":""него""},{""label"":""pro""\,""offset"":297\,""length"":2\,""segment"":""Он""},{""label"":""pro""\,""offset"":381\,""length"":3\,""segment"":""ему""},{""label"":""pro""\,""offset"":412\,""length"":2\,""segment"":""Он""},{""label"":""pro""\,""offset"":532\,""length"":2\,""segment"":""он""},{""label"":""pro""\,""offset"":552\,""length"":2\,""segment"":""он""},{""label"":""per""\,""offset"":1003\,""length"":11\,""segment"":""Грушницкого""},{""label"":""pro""\,""offset"":1043\,""length"":2\,""segment"":""он""},{""label"":""pro""\,""offset"":1137\,""length"":3\,""segment"":""ним""},{""label"":""pro""\,""offset"":1159\,""length"":2\,""segment"":""Он""},{""label"":""pro""\,""offset"":1194\,""length"":2\,""segment"":""он""},{""label"":""pro""\,""offset"":1241\,""length"":2\,""segment"":""он""},{""label"":""pro""\,""offset"":1375\,""length"":3\,""segment"":""его""}"	"Пропущено местоимение ""ему"": ему на вид можно дать двадцать пять лет."	000242eddf--63fcee7bc8b5605328c5ed2a	infinite	0	
9	https://ilibrary.ru/text/1099/p.2/index.html	Дарья Александровна (Долли) Облонская, жена Степана Аркадьевича	"— Ничего, сударь образуется, — сказал Матвей.

— Образуется?

— Так точно-с.

— Ты думаешь? Это кто там? — спросил Степан Аркадьич, услыхав за дверью шум женского платья.

— Это я-с, — сказал твердый и приятный женский голос, и из-за двери высунулось строгое рябое лицо Матрены Филимоновны, нянюшки.

— Ну что, Матреша? — спросил Степан Аркадьич, выходя к ней в дверь.

Несмотря на то, что Степан Аркадьич был кругом виноват перед женой и сам чувствовал это, почти все в доме, даже нянюшка, главный друг Дарьи Александровны, были на его стороне.

— Ну что? — сказал он уныло.

— Вы сходите, сударь, повинитесь еще. Авось Бог даст. Очень мучаются, и смотреть жалости, да и все в доме навынтараты пошло. Детей, сударь, пожалеть надо. Повинитесь, сударь. Что делать! Люби кататься...

— Да ведь не примет...

— А вы свое сделайте. Бог милостив, Богу молитесь, сударь, Богу молитесь.

— Ну, хорошо, ступай, — сказал Степан Аркадьич, вдруг покраснев. — Ну, так давай одеваться, — обратился он к Матвею и решительно скинул халат.

Матвей уже держал, сдувая что-то невидимое, хомутом приготовленную рубашку и с очевидным удовольствием облек в нее холеное тело барина."	Анна Каренина		"{""label"":""per_oblique""\,""offset"":431\,""length"":5\,""segment"":""женой""}"	0002427d51--63fa82f67cf674766180d210	no		"{""label"":""per_oblique""\,""offset"":431\,""length"":5\,""segment"":""женой""}"	"Пропущено упоминание по имени ""Дарьи Александровны""."	000242eddf--63fcee7bc8b5605328c5ed2b	infinite	0	
13	https://ilibrary.ru/text/69/p.1/index.html	Родион Раскольников	"— Ну тогда и будем говорить, батюшка.

— Прощайте-с... А вы всё дома одни сидите, сестрицы-то нет? — спросил он как можно развязнее, выходя в переднюю.

— А вам какое до нее, батюшка, дело?

— Да ничего особенного. Я так спросил. Уж вы сейчас... Прощайте, Алена Ивановна!

Раскольников вышел в решительном смущении. Смущение это всё более и более увеличивалось. Сходя по лестнице, он несколько раз даже останавливался, как будто чем-то внезапно пораженный. И наконец, уже на улице, он воскликнул:

«О боже! как это всё отвратительно! И неужели, неужели я... нет, это вздор, это нелепость! — прибавил он решительно. — И неужели такой ужас мог прийти мне в голову? На какую грязь способно, однако, мое сердце! Главное: грязно, пакостно, гадко, гадко!.. И я, целый месяц...»

Но он не мог выразить ни словами, ни восклицаниями своего волнения. Чувство бесконечного отвращения, начинавшее давить и мутить его сердце еще в то время, как он только шел к старухе, достигло теперь такого размера и так ярко выяснилось, что он не знал, куда деться от тоски своей. Он шел по тротуару как пьяный, не замечая прохожих и сталкиваясь с ними, и опомнился уже в следующей улице."	Преступление и наказание		"{""label"":""per_oblique""\,""offset"":29\,""length"":7\,""segment"":""батюшка""},{""label"":""pro""\,""offset"":109\,""length"":2\,""segment"":""он""},{""label"":""per_oblique""\,""offset"":175\,""length"":7\,""segment"":""батюшка""},{""label"":""pro""\,""offset"":215\,""length"":1\,""segment"":""Я""},{""label"":""per""\,""offset"":273\,""length"":12\,""segment"":""Раскольников""},{""label"":""pro""\,""offset"":381\,""length"":2\,""segment"":""он""},{""label"":""pro""\,""offset"":482\,""length"":2\,""segment"":""он""},{""label"":""pro""\,""offset"":553\,""length"":1\,""segment"":""я""},{""label"":""pro""\,""offset"":600\,""length"":2\,""segment"":""он""},{""label"":""pro""\,""offset"":649\,""length"":3\,""segment"":""мне""},{""label"":""pro""\,""offset"":696\,""length"":3\,""segment"":""мое""},{""label"":""pro""\,""offset"":753\,""length"":1\,""segment"":""я""},{""label"":""pro""\,""offset"":776\,""length"":2\,""segment"":""он""},{""label"":""pro""\,""offset"":824\,""length"":6\,""segment"":""своего""},{""label"":""pro""\,""offset"":901\,""length"":3\,""segment"":""его""},{""label"":""pro""\,""offset"":932\,""length"":2\,""segment"":""он""},{""label"":""pro""\,""offset"":1015\,""length"":2\,""segment"":""он""},{""label"":""pro""\,""offset"":1048\,""length"":5\,""segment"":""своей""},{""label"":""pro""\,""offset"":1055\,""length"":2\,""segment"":""Он""}"	0002427d51--63faa6e03af5365e9fbaf646	yes		"{""label"":""per_oblique""\,""offset"":29\,""length"":7\,""segment"":""батюшка""},{""label"":""pro""\,""offset"":109\,""length"":2\,""segment"":""он""},{""label"":""per_oblique""\,""offset"":175\,""length"":7\,""segment"":""батюшка""},{""label"":""pro""\,""offset"":215\,""length"":1\,""segment"":""Я""},{""label"":""per""\,""offset"":273\,""length"":12\,""segment"":""Раскольников""},{""label"":""pro""\,""offset"":381\,""length"":2\,""segment"":""он""},{""label"":""pro""\,""offset"":482\,""length"":2\,""segment"":""он""},{""label"":""pro""\,""offset"":553\,""length"":1\,""segment"":""я""},{""label"":""pro""\,""offset"":600\,""length"":2\,""segment"":""он""},{""label"":""pro""\,""offset"":649\,""length"":3\,""segment"":""мне""},{""label"":""pro""\,""offset"":696\,""length"":3\,""segment"":""мое""},{""label"":""pro""\,""offset"":753\,""length"":1\,""segment"":""я""},{""label"":""pro""\,""offset"":776\,""length"":2\,""segment"":""он""},{""label"":""pro""\,""offset"":824\,""length"":6\,""segment"":""своего""},{""label"":""pro""\,""offset"":901\,""length"":3\,""segment"":""его""},{""label"":""pro""\,""offset"":932\,""length"":2\,""segment"":""он""},{""label"":""pro""\,""offset"":1015\,""length"":2\,""segment"":""он""},{""label"":""pro""\,""offset"":1048\,""length"":5\,""segment"":""своей""},{""label"":""pro""\,""offset"":1055\,""length"":2\,""segment"":""Он""}"	Выделение верное.	000242eddf--63fcee7bc8b5605328c5ed2c	infinite	0	
5	https://ru.wikisource.org/wiki/Война_и_мир_(Толстой)/Том_I/Часть_I/Глава_I	Анна Павловна Шерер	"- Я думаю, - сказал князь улыбаясь, - что ежели бы вас послали вместо нашего милого Винценгероде, вы бы взяли приступом согласие прусского короля. Вы так красноречивы. Вы дадите мне чаю?

- Сейчас. A propos, - прибавила она, опять успокоиваясь, - нынче у меня два очень интересные человека, Кстати, - виконт Мортемар, он в родстве с Монморанси чрез Роганов, одна из лучших фамилий Франции. Это один из хороших эмигрантов, из настоящих. И потом аббат Морио: вы знаете этот глубокий ум? Он был принят государем. Вы знаете?

- А! Я очень рад буду, - сказал князь. - Скажите, - прибавил он, как будто только что вспомнив что-то и особенно-небрежно, тогда как то, о чем он спрашивал, было главною целью его посещения, - правда, что императрица-мать желает назначения барона Функе первым секретарем в Вену? Этот барон, кажется, ничтожная личность. - Князь Василий желал определить сына на это место, которое через императрицу Марию Феодоровну старались доставить барону.

Анна Павловна почти закрыла глаза в знак того, что ни она, ни кто другой не могут судить про то, что угодно или нравится императрице."	Война и мир		"{""label"":""pro""\,""offset"":51\,""length"":3\,""segment"":""вас""},{""label"":""pro""\,""offset"":98\,""length"":2\,""segment"":""вы""},{""label"":""pro""\,""offset"":147\,""length"":2\,""segment"":""Вы""},{""label"":""pro""\,""offset"":168\,""length"":2\,""segment"":""Вы""},{""label"":""pro""\,""offset"":220\,""length"":3\,""segment"":""она""},{""label"":""pro""\,""offset"":255\,""length"":4\,""segment"":""меня""},{""label"":""per""\,""offset"":966\,""length"":13\,""segment"":""Анна Павловна""},{""label"":""pro""\,""offset"":1020\,""length"":3\,""segment"":""она""}"	0002427d51--63faf6788a8f250c5750cce2	yes		"{""label"":""pro""\,""offset"":51\,""length"":3\,""segment"":""вас""},{""label"":""pro""\,""offset"":98\,""length"":2\,""segment"":""вы""},{""label"":""pro""\,""offset"":147\,""length"":2\,""segment"":""Вы""},{""label"":""pro""\,""offset"":168\,""length"":2\,""segment"":""Вы""},{""label"":""pro""\,""offset"":220\,""length"":3\,""segment"":""она""},{""label"":""pro""\,""offset"":255\,""length"":4\,""segment"":""меня""},{""label"":""per""\,""offset"":966\,""length"":13\,""segment"":""Анна Павловна""},{""label"":""pro""\,""offset"":1020\,""length"":3\,""segment"":""она""}"	Выделение корректно.	000242eddf--63fcee7bc8b5605328c5ed2d	infinite	0	
7	https://ilibrary.ru/text/96/p.2/index.html	Николай Петрович Кирсанов	"— Надеюсь, любезнейший Евгений Васильич, что вы не соскучитесь у нас, — продолжал Николай Петрович.

Тонкие губы Базарова чуть тронулись; но он ничего не отвечал и только приподнял фуражку. Его темно-белокурые волосы, длинные и густые, не скрывали крупных выпуклостей просторного черепа.

— Так как же, Аркадий, — заговорил опять Николай Петрович, оборачиваясь к сыну, — сейчас закладывать лошадей, что ли? Или вы отдохнуть хотите?

— Дома отдохнем, папаша; вели закладывать.

— Сейчас, сейчас, — подхватил отец. — Эй, Петр, слышишь? Распорядись, братец, поживее.

Петр, который в качестве усовершенствованного слуги не подошел к ручке барича, а только издали поклонился ему, снова скрылся под воротами.

— Я здесь с коляской, но и для твоего тарантаса есть тройка, — хлопотливо говорил Николай Петрович, между тем как Аркадий пил воду из железного ковшика, принесенного хозяйкой постоялого двора, а Базаров закурил трубку и подошел к ямщику, отпрягавшему лошадей, — только коляска двухместная, и вот я не знаю, как твой приятель...

— Он в тарантасе поедет, — перебил вполголоса Аркадий. — Ты с ним, пожалуйста, не церемонься. Он чудесный малый, такой простой — ты увидишь.

Кучер Николая Петровича вывел лошадей.

— Ну, поворачивайся, толстобородый! — обратился Базаров к ямщику.

— Слышь, Митюха, — подхватил другой тут же стоявший ямщик с руками, засунутыми в задние прорехи тулупа, — барин-то тебя как прозвал? Толстобородый и есть."	Отца и дети		"{""label"":""per""\,""offset"":82\,""length"":16\,""segment"":""Николай Петрович""},{""label"":""per""\,""offset"":330\,""length"":16\,""segment"":""Николай Петрович""},{""label"":""per_oblique""\,""offset"":450\,""length"":6\,""segment"":""папаша""},{""label"":""per_oblique""\,""offset"":507\,""length"":4\,""segment"":""отец""},{""label"":""pro""\,""offset"":671\,""length"":3\,""segment"":""ему""},{""label"":""pro""\,""offset"":707\,""length"":1\,""segment"":""Я""},{""label"":""per""\,""offset"":787\,""length"":16\,""segment"":""Николай Петрович""},{""label"":""pro""\,""offset"":1001\,""length"":1\,""segment"":""я""}"	0002427d51--63fa67ed7cf67476617efc6e	no		"{""label"":""per""\,""offset"":82\,""length"":16\,""segment"":""Николай Петрович""},{""label"":""per""\,""offset"":330\,""length"":16\,""segment"":""Николай Петрович""},{""label"":""per_oblique""\,""offset"":450\,""length"":6\,""segment"":""папаша""},{""label"":""per_oblique""\,""offset"":507\,""length"":4\,""segment"":""отец""},{""label"":""pro""\,""offset"":671\,""length"":3\,""segment"":""ему""},{""label"":""pro""\,""offset"":707\,""length"":1\,""segment"":""Я""},{""label"":""per""\,""offset"":787\,""length"":16\,""segment"":""Николай Петрович""},{""label"":""pro""\,""offset"":1001\,""length"":1\,""segment"":""я""}"	"Дважды пропущено местоимение ""ты"": Ты с ним, пожалуйста, не церемонься. Он чудесный малый, такой простой — ты увидишь."	000242eddf--63fcee7bc8b5605328c5ed2e	infinite	0	
